Timestamp,Event,Temp_C,Note
17:17:27.075,SYSTEM_START,51.2,matched r6 cycle 60/15
17:17:27.075,CYCLE_ACTIVE_START,51.2,
17:18:27.094,CYCLE_SLEEP_START,62.8,
17:18:42.099,CYCLE_ACTIVE_START,50.7,
17:19:42.154,CYCLE_SLEEP_START,62.2,
17:19:57.160,CYCLE_ACTIVE_START,51.8,
17:20:57.229,CYCLE_SLEEP_START,62.8,
17:21:12.234,CYCLE_ACTIVE_START,51.2,
17:22:12.284,CYCLE_SLEEP_START,63.9,
17:22:27.289,CYCLE_ACTIVE_START,51.8,
17:23:27.340,CYCLE_SLEEP_START,63.4,
17:23:42.345,CYCLE_ACTIVE_START,51.8,
17:24:42.410,CYCLE_SLEEP_START,63.4,
17:24:57.414,CYCLE_ACTIVE_START,51.8,
17:25:57.466,CYCLE_SLEEP_START,62.8,
17:26:12.470,CYCLE_ACTIVE_START,52.9,
17:27:12.531,CYCLE_SLEEP_START,63.9,
17:27:27.535,CYCLE_ACTIVE_START,51.2,
17:28:27.577,CYCLE_SLEEP_START,61.1,
17:28:42.582,CYCLE_ACTIVE_START,52.4,
17:29:42.646,CYCLE_SLEEP_START,62.8,
17:29:57.651,CYCLE_ACTIVE_START,51.8,
17:30:57.707,CYCLE_SLEEP_START,63.9,
17:31:12.712,CYCLE_ACTIVE_START,51.8,
17:32:12.766,CYCLE_SLEEP_START,63.9,
17:32:27.771,CYCLE_ACTIVE_START,52.4,
17:33:27.838,CYCLE_SLEEP_START,63.4,
17:33:42.843,CYCLE_ACTIVE_START,51.8,
17:34:42.892,CYCLE_SLEEP_START,63.4,
17:34:57.897,CYCLE_ACTIVE_START,52.4,
17:35:57.943,CYCLE_SLEEP_START,63.9,
17:36:12.948,CYCLE_ACTIVE_START,52.4,
17:37:13.004,CYCLE_SLEEP_START,62.8,
17:37:28.008,CYCLE_ACTIVE_START,51.8,
17:38:28.069,CYCLE_SLEEP_START,63.4,
17:38:43.074,CYCLE_ACTIVE_START,51.8,
17:39:43.132,CYCLE_SLEEP_START,62.8,
17:39:58.136,CYCLE_ACTIVE_START,52.4,
17:40:58.195,CYCLE_SLEEP_START,64.5,
17:41:13.199,CYCLE_ACTIVE_START,51.8,
17:42:13.259,CYCLE_SLEEP_START,65.0,
17:42:28.263,CYCLE_ACTIVE_START,51.8,
17:43:28.320,CYCLE_SLEEP_START,63.9,
17:43:43.325,CYCLE_ACTIVE_START,51.2,
17:44:43.370,CYCLE_SLEEP_START,63.4,
17:44:58.374,CYCLE_ACTIVE_START,52.4,
17:45:58.435,CYCLE_SLEEP_START,63.4,
17:46:13.440,CYCLE_ACTIVE_START,52.4,
17:47:13.494,CYCLE_SLEEP_START,63.9,
17:47:28.499,CYCLE_ACTIVE_START,52.4,
17:48:28.554,CYCLE_SLEEP_START,63.4,
17:48:43.559,CYCLE_ACTIVE_START,53.5,
17:49:43.616,CYCLE_SLEEP_START,64.5,
17:49:58.620,CYCLE_ACTIVE_START,52.4,
17:50:58.673,CYCLE_SLEEP_START,62.8,
17:51:13.677,CYCLE_ACTIVE_START,52.4,
17:52:13.732,CYCLE_SLEEP_START,62.8,
17:52:28.736,CYCLE_ACTIVE_START,51.8,
17:53:28.792,CYCLE_SLEEP_START,63.4,
17:53:43.796,CYCLE_ACTIVE_START,52.4,
17:54:43.857,CYCLE_SLEEP_START,63.4,
17:54:58.861,CYCLE_ACTIVE_START,51.2,
17:55:58.927,CYCLE_SLEEP_START,63.9,
17:56:13.931,CYCLE_ACTIVE_START,51.8,
17:57:13.977,CYCLE_SLEEP_START,63.4,
17:57:28.982,CYCLE_ACTIVE_START,51.8,
17:58:29.037,CYCLE_SLEEP_START,63.9,
17:58:44.042,CYCLE_ACTIVE_START,52.9,
17:59:44.048,CYCLE_SLEEP_START,64.5,
17:59:59.052,CYCLE_ACTIVE_START,53.5,
18:00:59.090,CYCLE_SLEEP_START,63.4,
18:01:14.094,CYCLE_ACTIVE_START,52.4,
18:02:14.169,CYCLE_SLEEP_START,63.4,
18:02:29.173,CYCLE_ACTIVE_START,51.8,
18:03:29.210,CYCLE_SLEEP_START,61.7,
18:03:44.215,CYCLE_ACTIVE_START,51.2,
18:04:44.284,CYCLE_SLEEP_START,62.8,
18:04:59.289,CYCLE_ACTIVE_START,51.8,
18:05:59.340,CYCLE_SLEEP_START,62.8,
18:06:14.344,CYCLE_ACTIVE_START,51.2,
18:07:14.403,CYCLE_SLEEP_START,61.7,
18:07:29.408,CYCLE_ACTIVE_START,50.7,
18:08:29.460,CYCLE_SLEEP_START,60.0,
18:08:44.465,CYCLE_ACTIVE_START,50.1,
18:09:44.516,CYCLE_SLEEP_START,61.1,
18:09:59.521,CYCLE_ACTIVE_START,51.2,
18:10:59.576,CYCLE_SLEEP_START,62.2,
18:11:14.581,CYCLE_ACTIVE_START,51.2,
18:12:14.648,CYCLE_SLEEP_START,63.9,
18:12:29.653,CYCLE_ACTIVE_START,54.0,
18:13:29.702,CYCLE_SLEEP_START,63.9,
18:13:44.707,CYCLE_ACTIVE_START,52.4,
18:14:44.762,CYCLE_SLEEP_START,65.0,
18:14:59.767,CYCLE_ACTIVE_START,52.4,
18:15:59.817,CYCLE_SLEEP_START,62.8,
18:16:14.822,CYCLE_ACTIVE_START,52.4,
18:17:14.882,CYCLE_SLEEP_START,63.9,
18:17:29.887,CYCLE_ACTIVE_START,52.4,
18:18:29.953,CYCLE_SLEEP_START,63.9,
18:18:44.957,CYCLE_ACTIVE_START,50.1,
18:19:45.005,CYCLE_SLEEP_START,63.4,
18:20:00.010,CYCLE_ACTIVE_START,51.2,
18:21:00.060,CYCLE_SLEEP_START,61.7,
18:21:15.064,CYCLE_ACTIVE_START,51.2,
18:22:15.119,CYCLE_SLEEP_START,63.4,
18:22:30.124,CYCLE_ACTIVE_START,51.2,
18:23:30.179,CYCLE_SLEEP_START,62.8,
18:23:45.184,CYCLE_ACTIVE_START,51.2,
18:24:45.248,CYCLE_SLEEP_START,63.4,
18:25:00.254,CYCLE_ACTIVE_START,52.4,
18:26:00.307,CYCLE_SLEEP_START,64.5,
18:26:15.312,CYCLE_ACTIVE_START,51.2,
18:27:15.359,CYCLE_SLEEP_START,61.1,
18:27:30.363,CYCLE_ACTIVE_START,52.4,
18:28:30.432,CYCLE_SLEEP_START,63.4,
18:28:45.437,CYCLE_ACTIVE_START,51.2,
18:29:45.487,CYCLE_SLEEP_START,62.2,
18:30:00.492,CYCLE_ACTIVE_START,50.7,
18:31:00.543,CYCLE_SLEEP_START,60.6,
18:31:15.547,CYCLE_ACTIVE_START,50.7,
18:32:15.612,CYCLE_SLEEP_START,61.1,
18:32:30.616,CYCLE_ACTIVE_START,50.7,
18:33:30.667,CYCLE_SLEEP_START,62.2,
18:33:45.672,CYCLE_ACTIVE_START,50.7,
18:34:45.732,CYCLE_SLEEP_START,62.2,
18:35:00.736,CYCLE_ACTIVE_START,50.7,
18:36:00.792,CYCLE_SLEEP_START,62.8,
18:36:15.797,CYCLE_ACTIVE_START,50.7,
18:37:15.848,CYCLE_SLEEP_START,62.8,
18:37:30.853,CYCLE_ACTIVE_START,51.2,
18:38:30.903,CYCLE_SLEEP_START,62.2,
18:38:45.907,CYCLE_ACTIVE_START,50.7,
18:39:45.912,CYCLE_SLEEP_START,61.7,
18:40:00.917,CYCLE_ACTIVE_START,51.2,
18:41:00.959,CYCLE_SLEEP_START,61.7,
18:41:15.964,CYCLE_ACTIVE_START,51.8,
18:42:16.019,CYCLE_SLEEP_START,63.4,
18:42:31.024,CYCLE_ACTIVE_START,51.8,
18:43:31.085,CYCLE_SLEEP_START,63.4,
18:43:46.089,CYCLE_ACTIVE_START,51.8,
18:44:46.144,CYCLE_SLEEP_START,62.8,
18:45:01.150,CYCLE_ACTIVE_START,52.4,
18:46:01.204,CYCLE_SLEEP_START,62.2,
18:46:16.209,CYCLE_ACTIVE_START,50.7,
18:47:16.264,CYCLE_SLEEP_START,62.8,
18:47:31.269,CYCLE_ACTIVE_START,51.8,
18:48:31.333,CYCLE_SLEEP_START,62.8,
18:48:46.337,CYCLE_ACTIVE_START,51.8,
18:49:46.380,CYCLE_SLEEP_START,61.7,
18:50:01.385,CYCLE_ACTIVE_START,51.8,
18:51:01.449,CYCLE_SLEEP_START,62.2,
18:51:16.453,CYCLE_ACTIVE_START,52.4,
18:52:16.512,CYCLE_SLEEP_START,63.9,
18:52:31.517,CYCLE_ACTIVE_START,52.4,
18:53:31.574,CYCLE_SLEEP_START,63.9,
18:53:46.578,CYCLE_ACTIVE_START,52.4,
18:54:46.634,CYCLE_SLEEP_START,63.9,
18:55:01.638,CYCLE_ACTIVE_START,52.9,
18:56:01.686,CYCLE_SLEEP_START,63.4,
18:56:16.690,CYCLE_ACTIVE_START,52.9,
18:57:16.765,CYCLE_SLEEP_START,62.8,
18:57:31.769,CYCLE_ACTIVE_START,52.4,
18:58:31.807,CYCLE_SLEEP_START,62.8,
18:58:46.811,CYCLE_ACTIVE_START,51.8,
18:59:46.872,CYCLE_SLEEP_START,63.4,
19:00:01.876,CYCLE_ACTIVE_START,51.8,
19:01:01.931,CYCLE_SLEEP_START,63.9,
19:01:16.935,CYCLE_ACTIVE_START,51.8,
19:02:16.987,CYCLE_SLEEP_START,62.8,
19:02:31.992,CYCLE_ACTIVE_START,51.8,
19:03:32.056,CYCLE_SLEEP_START,62.8,
19:03:47.061,CYCLE_ACTIVE_START,51.2,
19:04:47.116,CYCLE_SLEEP_START,62.2,
19:05:02.120,CYCLE_ACTIVE_START,51.2,
19:06:02.178,CYCLE_SLEEP_START,62.2,
19:06:17.182,CYCLE_ACTIVE_START,51.2,
19:07:17.240,CYCLE_SLEEP_START,62.8,
19:07:32.244,CYCLE_ACTIVE_START,51.2,
19:08:32.300,CYCLE_SLEEP_START,62.8,
19:08:47.305,CYCLE_ACTIVE_START,51.8,
19:09:47.362,CYCLE_SLEEP_START,62.2,
19:10:02.366,CYCLE_ACTIVE_START,51.8,
19:11:02.418,CYCLE_SLEEP_START,62.2,
19:11:17.423,CYCLE_ACTIVE_START,52.4,
19:12:17.482,CYCLE_SLEEP_START,62.8,
19:12:32.487,CYCLE_ACTIVE_START,51.2,
19:13:32.538,CYCLE_SLEEP_START,62.2,
19:13:47.543,CYCLE_ACTIVE_START,51.2,
19:14:47.543,CYCLE_SLEEP_START,63.9,
19:15:02.548,CYCLE_ACTIVE_START,51.2,
19:16:02.590,CYCLE_SLEEP_START,62.8,
19:16:17.595,CYCLE_ACTIVE_START,53.5,
19:17:17.650,CYCLE_SLEEP_START,63.4,
19:17:32.655,CYCLE_ACTIVE_START,52.4,
19:18:32.715,CYCLE_SLEEP_START,63.9,
19:18:47.720,CYCLE_ACTIVE_START,52.4,
19:19:47.780,CYCLE_SLEEP_START,62.8,
19:20:02.785,CYCLE_ACTIVE_START,51.2,
19:21:02.840,CYCLE_SLEEP_START,62.8,
19:21:17.845,CYCLE_ACTIVE_START,52.4,
19:22:17.891,CYCLE_SLEEP_START,63.9,
19:22:32.896,CYCLE_ACTIVE_START,51.2,
19:23:32.952,CYCLE_SLEEP_START,61.7,
19:23:47.956,CYCLE_ACTIVE_START,51.8,
19:24:48.012,CYCLE_SLEEP_START,62.8,
19:25:03.016,CYCLE_ACTIVE_START,51.8,
19:26:03.016,CYCLE_SLEEP_START,62.8,
19:26:18.021,CYCLE_ACTIVE_START,51.8,
19:27:18.076,CYCLE_SLEEP_START,64.5,
19:27:33.081,CYCLE_ACTIVE_START,51.8,
19:28:33.140,CYCLE_SLEEP_START,63.4,
19:28:48.145,CYCLE_ACTIVE_START,51.2,
19:29:48.194,CYCLE_SLEEP_START,63.4,
19:30:03.199,CYCLE_ACTIVE_START,51.8,
19:31:03.256,CYCLE_SLEEP_START,63.4,
19:31:18.261,CYCLE_ACTIVE_START,51.8,
19:32:18.318,CYCLE_SLEEP_START,62.8,
19:32:33.323,CYCLE_ACTIVE_START,51.8,
19:33:33.379,CYCLE_SLEEP_START,62.8,
19:33:48.383,CYCLE_ACTIVE_START,51.8,
19:34:48.435,CYCLE_SLEEP_START,63.9,
19:35:03.440,CYCLE_ACTIVE_START,52.4,
19:36:03.494,CYCLE_SLEEP_START,63.4,
19:36:18.499,CYCLE_ACTIVE_START,52.4,
19:37:18.564,CYCLE_SLEEP_START,64.5,
19:37:33.569,CYCLE_ACTIVE_START,52.9,
19:38:33.620,CYCLE_SLEEP_START,63.4,
19:38:48.624,CYCLE_ACTIVE_START,52.4,
19:39:48.680,CYCLE_SLEEP_START,63.4,
19:40:03.685,CYCLE_ACTIVE_START,52.4,
19:41:03.743,CYCLE_SLEEP_START,63.4,
19:41:18.748,CYCLE_ACTIVE_START,52.4,
19:42:18.800,CYCLE_SLEEP_START,62.2,
19:42:33.805,CYCLE_ACTIVE_START,51.2,
19:43:33.856,CYCLE_SLEEP_START,62.8,
19:43:48.861,CYCLE_ACTIVE_START,51.2,
19:44:48.917,CYCLE_SLEEP_START,63.4,
19:45:03.921,CYCLE_ACTIVE_START,52.4,
19:46:03.982,CYCLE_SLEEP_START,63.4,
19:46:18.987,CYCLE_ACTIVE_START,51.8,
19:47:19.043,CYCLE_SLEEP_START,63.9,
19:47:34.048,CYCLE_ACTIVE_START,52.9,
19:48:34.102,CYCLE_SLEEP_START,63.9,
19:48:49.107,CYCLE_ACTIVE_START,53.5,
19:49:49.167,CYCLE_SLEEP_START,63.4,
19:50:04.171,CYCLE_ACTIVE_START,51.8,
19:51:04.230,CYCLE_SLEEP_START,63.4,
19:51:19.235,CYCLE_ACTIVE_START,52.9,
19:52:19.287,CYCLE_SLEEP_START,64.5,
19:52:34.291,CYCLE_ACTIVE_START,52.9,
19:53:34.293,CYCLE_SLEEP_START,65.0,
19:53:49.297,CYCLE_ACTIVE_START,52.9,
19:54:49.339,CYCLE_SLEEP_START,64.5,
19:55:04.344,CYCLE_ACTIVE_START,53.5,
19:56:04.400,CYCLE_SLEEP_START,63.9,
19:56:19.404,CYCLE_ACTIVE_START,53.5,
19:57:19.460,CYCLE_SLEEP_START,65.5,
19:57:34.465,CYCLE_ACTIVE_START,54.0,
19:58:34.515,CYCLE_SLEEP_START,64.5,
19:58:49.520,CYCLE_ACTIVE_START,54.0,
19:59:49.527,CYCLE_SLEEP_START,65.0,
20:00:04.532,CYCLE_ACTIVE_START,54.0,
20:01:04.576,CYCLE_SLEEP_START,65.0,
20:01:19.581,CYCLE_ACTIVE_START,54.5,
20:02:19.642,CYCLE_SLEEP_START,65.5,
20:02:34.647,CYCLE_ACTIVE_START,54.5,
20:03:34.699,CYCLE_SLEEP_START,65.5,
20:03:49.704,CYCLE_ACTIVE_START,54.0,
20:04:49.760,CYCLE_SLEEP_START,66.1,
20:05:04.765,CYCLE_ACTIVE_START,54.0,
20:06:04.767,CYCLE_SLEEP_START,65.5,
20:06:19.772,CYCLE_ACTIVE_START,54.5,
20:07:19.806,CYCLE_SLEEP_START,66.1,
20:07:34.810,CYCLE_ACTIVE_START,54.0,
20:08:34.811,CYCLE_SLEEP_START,66.1,
20:08:49.816,CYCLE_ACTIVE_START,55.1,
20:09:49.862,CYCLE_SLEEP_START,65.5,
20:10:04.867,CYCLE_ACTIVE_START,54.0,
20:11:04.932,CYCLE_SLEEP_START,66.1,
20:11:19.937,CYCLE_ACTIVE_START,54.0,
20:12:19.992,CYCLE_SLEEP_START,66.7,
20:12:34.997,CYCLE_ACTIVE_START,54.5,
20:13:35.049,CYCLE_SLEEP_START,66.7,
20:13:50.053,CYCLE_ACTIVE_START,55.1,
20:14:50.104,CYCLE_SLEEP_START,65.5,
20:15:05.108,CYCLE_ACTIVE_START,55.1,
20:16:05.164,CYCLE_SLEEP_START,65.0,
20:16:20.169,CYCLE_ACTIVE_START,55.1,
20:17:20.232,CYCLE_SLEEP_START,66.7,
20:17:27.234,SYSTEM_STOP,57.9,128895 frames
